load_id,pickup,delivery,pickup_lat,pickup_lon,delivery_lat,delivery_lon,distance,equipment,weight,date,market_index,quote_signal,month,day_of_week
DEC-000001,Lexington,Fort Wayne,36.99152,-84.99876,41.31561,-85.36206,360,Dry Van,32000,2025-12-01,0.8349189949748743,2.052022857142857,12,0
DEC-000002,Lexington,Fort Wayne,36.99152,-84.99876,41.31561,-85.36206,360,Dry Van,32000,2025-12-02,0.9146795283018868,2.0341148387096775,12,1
DEC-000003,Lexington,Fort Wayne,36.99152,-84.99876,41.31561,-85.36206,360,Dry Van,32000,2025-12-03,0.9940630622009569,2.0532927699530514,12,2
DEC-000004,Lexington,Fort Wayne,36.99152,-84.99876,41.31561,-85.36206,360,Dry Van,32000,2025-12-04,1.0240208080808082,2.0656834653465346,12,3
DEC-000005,Lexington,Fort Wayne,36.99152,-84.99876,41.31561,-85.36206,360,Dry Van,32000,2025-12-05,0.9751201104972375,2.04736772972973,12,4
DEC-000006,Lexington,Fort Wayne,36.99152,-84.99876,41.31561,-85.36206,360,Dry Van,32000,2025-12-06,0.8891544059405941,2.025272912621359,12,5
DEC-000007,Lexington,Fort Wayne,36.99152,-84.99876,41.31561,-85.36206,360,Dry Van,32000,2025-12-07,0.8305901538461539,2.0503575499999998,12,6
DEC-000008,Lexington,Fort Wayne,36.99152,-84.99876,41.31561,-85.36206,360,Dry Van,32000,2025-12-08,0.84011,2.0399622085889573,12,0
DEC-000009,Lexington,Fort Wayne,36.99152,-84.99876,41.31561,-85.36206,360,Dry Van,32000,2025-12-09,0.9172634803921568,2.0500953080568722,12,1
DEC-000010,Lexington,Fort Wayne,36.99152,-84.99876,41.31561,-85.36206,360,Dry Van,32000,2025-12-10,0.9989070984455959,2.0478370558375634,12,2
DEC-000011,Lexington,Fort Wayne,36.99152,-84.99876,41.31561,-85.36206,360,Dry Van,32000,2025-12-11,1.027247,2.047131836734694,12,3
DEC-000012,Lexington,Fort Wayne,36.99152,-84.99876,41.31561,-85.36206,360,Dry Van,32000,2025-12-12,0.9814481773399015,2.045228009708738,12,4
DEC-000013,Lexington,Fort Wayne,36.99152,-84.99876,41.31561,-85.36206,360,Dry Van,32000,2025-12-13,0.8965907727272727,2.063476351351351,12,5
DEC-000014,Lexington,Fort Wayne,36.99152,-84.99876,41.31561,-85.36206,360,Dry Van,32000,2025-12-14,0.8382462359550562,2.057260769230769,12,6
DEC-000015,Lexington,Fort Wayne,36.99152,-84.99876,41.31561,-85.36206,360,Dry Van,32000,2025-12-15,0.8478406770833334,2.056764595959596,12,0
DEC-000016,Lexington,Fort Wayne,36.99152,-84.99876,41.31561,-85.36206,360,Dry Van,32000,2025-12-16,0.9241924878048781,2.0661321634615386,12,1
DEC-000017,Lexington,Fort Wayne,36.99152,-84.99876,41.31561,-85.36206,360,Dry Van,32000,2025-12-17,1.0021208955223881,2.0243389047619047,12,2
DEC-000018,Lexington,Fort Wayne,36.99152,-84.99876,41.31561,-85.36206,360,Dry Van,32000,2025-12-18,1.0339775595238094,2.046439,12,3
DEC-000019,Lexington,Fort Wayne,36.99152,-84.99876,41.31561,-85.36206,360,Dry Van,32000,2025-12-19,0.9886736199095023,2.0334292511013214,12,4
DEC-000020,Lexington,Fort Wayne,36.99152,-84.99876,41.31561,-85.36206,360,Dry Van,32000,2025-12-20,0.9018281081081081,2.060178736842105,12,5
DEC-000021,Lexington,Fort Wayne,36.99152,-84.99876,41.31561,-85.36206,360,Dry Van,32000,2025-12-21,0.8441232663316582,2.089087268292683,12,6
DEC-000022,Lexington,Fort Wayne,36.99152,-84.99876,41.31561,-85.36206,360,Dry Van,32000,2025-12-22,0.8599071739130434,2.0238794240837694,12,0
DEC-000023,Lexington,Fort Wayne,36.99152,-84.99876,41.31561,-85.36206,360,Dry Van,32000,2025-12-23,0.9303662303664921,2.0327813265306123,12,1
DEC-000024,Lexington,Fort Wayne,36.99152,-84.99876,41.31561,-85.36206,360,Dry Van,32000,2025-12-24,1.0147318285714286,2.052055593220339,12,2
DEC-000025,Lexington,Fort Wayne,36.99152,-84.99876,41.31561,-85.36206,360,Dry Van,32000,2025-12-25,1.0445469897959183,2.0539047999999998,12,3
DEC-000026,Lexington,Fort Wayne,36.99152,-84.99876,41.31561,-85.36206,360,Dry Van,32000,2025-12-26,0.9971956451612902,2.0536464550264553,12,4
DEC-000027,Lexington,Fort Wayne,36.99152,-84.99876,41.31561,-85.36206,360,Dry Van,32000,2025-12-27,0.9145282272727273,2.0381573542600897,12,5
DEC-000028,Lexington,Fort Wayne,36.99152,-84.99876,41.31561,-85.36206,360,Dry Van,32000,2025-12-28,0.8580225,2.0466757923497267,12,6
DEC-000029,Lexington,Fort Wayne,36.99152,-84.99876,41.31561,-85.36206,360,Dry Van,32000,2025-12-29,0.8695522751322752,2.0416220942408376,12,0
DEC-000030,Lexington,Fort Wayne,36.99152,-84.99876,41.31561,-85.36206,360,Dry Van,32000,2025-12-30,0.944019068627451,2.066128238095238,12,1
DEC-000031,Lexington,Fort Wayne,36.99152,-84.99876,41.31561,-85.36206,360,Dry Van,32000,2025-12-31,1.0272512041884818,2.00929310880829,12,2
